USE db_furnitureShop;

INSERT INTO role (id, name, description) VALUES (1, 'admin', 'Administrator'), (2, 'default', 'Default role');

INSERT INTO user (id, birthday, email, lastLogin, firstName, lastName, male, newsletterEnabled, password, username, roleId, address, zip, place, tel) VALUES
(1, '2013-01-01', 'hero@mailinator.com', '2013-11-11', 'Hero', 'Superman', 1, 1, 'e24b801c310567e96f84c3c33ad20e38fb10a7ac', 'hero', 1, "myStreet 1", 3512, "Walkringen", "078 897 87 45"),
(2, '2013-01-01', 'gigu@mailinator.com', '2013-11-11', 'Gigu', 'Wixxer', 1, 1, 'e24b801c310567e96f84c3c33ad20e38fb10a7ac', 'gigu', 2, "yourStreet 2", 3000, "Bern", "078 123 45 67");

INSERT INTO `category` (`id`, `name_de`, `name_en`) VALUES
(1, 'Betten', 'Bed'),
(2, 'Leuchten', 'Luminaire'),
(3, 'Sitz&ouml;bel', 'Seating furniture'),
(4, 'Schlafen', 'Sleep'),
(5, 'Tische', 'Tables');

INSERT INTO `furniture` (`id`, `basicPrice`, `description_de`, `description_en`, `name_de`, `name_en`, `categoryId`, `img_url`) VALUES
(2, 101, 'Eine besondere Designerlampe', 'A Special designerlamp', 'Fontana', 'Fontana', 2, 'http://www.voltexdesign.com/images/articles/Lampe.jpg'),
(3, 133, 'Der About A Chair AAC22 Stuhl von Hay designed von Hee Welling.\r\n\r\nDer Designer von About A Chair hatte eine Vision von der er motiviert wurde: Er wollte einen Stuhl von pr&auml;gnanter Schlichtheit entwickeln. Die Ideen und Impressionen gingen ineinander &uuml;ber und entstanden ist der About A Chair AAC22 - ein Kunstwerk der Einfachheit.\r\n\r\nDer About A Chair Stuhl sollte sowohl als Nutzm&ouml;bel und als Designobjekt funktionieren. Der Grundgedanke war, dass der AAC22 Stuhl sowohl am Esstisch, am Konferenztisch, in der Kantine als auch im B&uuml;ro oder in den eigenen vier W&auml;nden eine gute Figur macht und seinen jeweiligen Zweck erf&uuml;llt. Und das tut er mit Bravour. Er ist ein Allround-Talent und wirklich &uuml;berall einsetzbar.\r\n\r\nDurch seine Armlehnen bietet er einen hervorragenden Sitzkomfort. Die Sitzschale besteht aus durchgef&auml;rbtem Polypropylen in den unterschiedlichsten Farben, der Rahmen ist aus Buchenholz gefertigt. Das Vierbeingestell ist entwerder in Eiche natur oder in schwarz gebeizter Esche erh&auml;ltlich.\r\n\r\nHee Welling hat mit dem About A Chair AAC22 Stuhl eine neue Ebene des Designs erreicht und eine bequeme Sitzm&ouml;glichkeit im hochwertigsten Stil erschaffen.\r\n\r\nStandard color rot', 'Hay ''About a Chair &quot;AC22&quot;'' by Hee Willing. The &quot;About a Chair&quot; range embodies an ideal that has motivated its designers. They desired to conceive a chair that would be pointedly simple in its design and construction. This chair was to be equally at home at the dining table and in the conference room, in the canteen and in the office, and - further - it was thus to excel both as a practical item of furniture and as a design object. With &quot;About a Chair&quot;, its designer, Hee Welling, has aimed to achieve a higher synthesis of form, function, comfort, detail and aesthetics.\r\n\r\nStandard color red', 'About a Chair AAC10', 'About a Chair AAC10', 3, 'http://www.einrichten-design.de/media/catalog/product/cache/2/image/1200x1200/9df78eab33525d08d6e5fb8d27136e95/h/a/hay_ABOUT_A_CHAIR_04-04_big.jpg'),
(4, 350, 'Stetig an den bestehenden Kollektionen arbeiten und den Wert der M&ouml;bel dadurch zu steigern, das ist das strategische Ziel der Fa. Bontempi schon seit Generationen.\r\nDesign verbunden mit Funktionalit&auml;t ist die Idee der Firmengr&uuml;nder gewesen. ', 'Premium quality chair by Italian Bontempi Casa. Steel chair with removable cover in the finishes.', 'Bontempi Casa - Asia Stuhl', 'Bontempi Casa - Asia Chair', 3, 'http://www.design-kiste.ch/media/images/popup/1308909622_Asia_03.jpg'),
(5, 101, 'Die Stuhl Kollektion Air Chair wurde 2000 von Jasper Morrison f&uuml;r Magis entworfen.\r\nBei uns nur in rot erh&auml;ltlich.\r\n', 'The chair collection Air Chair was designed in the year 2000 by Jasper Morrison for Magis.\r\nOnly available in red.', 'Magis Air Chair', 'Magis Air Chair', 3, 'http://static.ambientedirect.com/chameleon/mediapool/thumbs/7/d8/none_860x500-ID90053-1dbb9d23c6c8966f29245ba5d2be4a4e.jpg'),
(6, 1020, 'Struktur aus fliessgepresstem Aluminium und Aluminiumdruckgussteilen poliert oder lackiert in den Farben schwarz, silbergl&auml;nzend oder dunkelgrau metalisiert. Bezug aus Polyester-gewebe mit feuerhemmendem PVC beschichtet in diversen Farben und Leder schwarz.\r\nDesign Alberto Meda\r\n', 'Polished aluminium structure with PVC covered polyester mesh seat and back.', 'Bigframe Stuhl', 'Bigframe Chair', 3, 'http://www.nest.co.uk/media/products/zoom/5789.jpg'),
(7, 128, 'Stefano Giovannoni ist damit bekannt geworden, dass er verspielte, humorvolle Designs mit innovativer Funktionalit&auml;t kombinierte. Dass Giovannoni dies noch immer versteht, beweist der 2007 entstandene Stuhl First Chair, den Giovannoni f&uuml;r Magis entwarf. Chair First ist stapelbar, f&uuml;r den Innen- und Au&szlig;enbereich geeignet und seine Form wirkt flie&szlig;end und locker. ', 'The first entirely three-dimensional plastic chair, the Chair First is far from ordinary. Designer Stefano Giovannoni took the air-molding technology developed for the Air-Chair to the next level, creating a sophisticated, streamlined profile on a chair that is a single piece. Sturdy, durable, lightweight, stackable. Oh&mdash;and comfortable too.\r\n\r\nThe light weight and stackability make these chairs perfect for dining halls, caf&eacute;s, patios, and decks. As happy outdoors as inside, Chair First is available in eight colors, including fashion-forward lime green, olive green, and purple.', 'Chair First', 'Chair First', 3, 'http://www.connox.de/m/100031/144579/media/Magis/Chair-First/ChairFirst-schwarz.jpg'),
(8, 3000, 'Einzelnes Rednerpult mit Neigbarkeit und H&ouml;enverstellung oder Gruppenarbeitsplatz: aus Traversen und T&auml;gerrohren entstehen Tischl&ouml;sungen in hochstehender Formensprache.\r\nStandardvariante Sitzpult.', 'A single lectern with height and angle adjustability or group workstations: table solutions are created from pillars, crossbars and support tubes in a superior language of design.\r\nStandard: normal desk', 'USM Kitos Tisch', 'USM Kitos Table', 5, 'http://www.usm.com/media/slideshows/1503/Header_001_Kitos_00000.jpg'),
(9, 2048, 'Eleganter Esstisch, multifunktionaler Konferenztisch oder ergonomischer Arbeitsplatz &ndash; der USM Haller Tisch erf&uuml;llt mit diversen Formen, Materialien und Accessoires jede Funktion.\r\n\r\nStandard Farbe: schwarz', 'An elegant dining room table, a multi-functional conference table or an ergonomic workspace &ndash; the USM Haller Table fulfills every function with various forms, materials and accessories.\r\n\r\nStandard color: black', 'USM Haller Tisch', 'USM Haller Table', 5, 'http://www.usm.com/media/thumbs/images/2287-usm-haller.jpg.1024x1024_q90.jpg'),
(10, 450, 'Die Selandia-Serie geht in der Formgebung auf das stolze maritime Handwerk zur&uuml;ck. Auf Details und Design wurde gro&szlig;e Sorgfalt verwendet - mit dem Schwerpunkt auf Bequemlichkeit, Flexibilit&auml;t und Funktionalit&auml;t. Selandia ist elegant und gleichzeitig praktisch, da die M&ouml;bel sich zusammenklappen lassen, wenn sie nicht in Gebrauch sind. \r\n\r\nStandardmasse 180x90cm', 'A classic, flexible table whose length can be adapted using extension leafs. \r\n\r\nStandard size 180x90cm', 'Selandia Tisch', 'Selandia Table', 5, 'http://cdn.shopify.com/s/files/1/0051/9342/products/selandia_table_teak_147x75_grande.jpg'),
(11, 768, 'Durch die Ausf&uuml;hrung der Struktur in Edelstahl eignet sich die gesamte Kollektion tagliatelle f&uuml;r die Nutzung im Freien, f&uuml;gt sich harmonisch in Garten- und Gr&uuml;nbereiche ein. Die praktischen Tische sind durch die gefr&auml;sten Tischplatten, in der Full Color - oder HPL WOOD Version, gekennzeichnet. Die elastischen B&auml;nder der Sitzfl&auml;che und der R&uuml;ckenlehne werden durch eine neue Farbversion: FE10 grau-Melange erweitert, raffinierte f&uuml;r den Einsatz im Innen- und Aussenbereich.', 'Thanks to the addition of the stainless steel structure, the entire tagliatelle collection is suitable for the outdoor use: by blending into the green environment, it creates an atmosphere of sophisticated relaxation. The practical tables are characterised by new milled table tops, available in Full Color white and HPL WOOD. The elastic bands forming the seat and back will be amplified by a new colour: FE10 grey melange, practical and subtle for the Indoor and Outdoor use.', 'Tagliatelle Tisch', 'Tagliatelle Table', 5, 'http://www.stylepark.com/db-images/cms/alias/img/l2_p332854_488_336-1.jpg'),
(12, 1024, 'Muuto Split Tisch designed von Staffan Holm.\r\n\r\nDer Split Tisch ist aus massiver Eiche, massiver Esche oder schwarz gebeizt hergestellt.\r\n\r\nDer Tisch eignet sich sehr gut als Esstisch.', 'STAFFAN HOLM ON THE DESIGN &ldquo;I wanted the table to have an organic expression and to combine a structural solidity with a seemingly more delicate balancing act. The detail of the legs being split and bent has the expression and quality of a skilled cabinet-maker and is likely to become a hallmark of the Split Table.&rdquo;', 'Muuto Split Tisch', 'Muuto Split Table', 5, 'http://www.stylepark.com/db-images/cms/muuto/img/l2_p337487_488_336-1.jpg'),
(13, 4500, 'Aus Massivholz, in zehn verschiedenen Holzarten und aus stehend verleimtem Multiplex. Ge&ouml;lt. \r\nOhne Metallteile konstruiert. \r\n\r\nStandard: Holz Eiche\r\nModell: 180x200cm', 'Made of vertically glued birch multiplex or of European solid wood. Oiled. \r\nConstructed without metal components. \r\n\r\nStandard: Wood Oak\r\nModell 180x200cm', 'Letto Bett', 'Letto Bed', 1, 'http://www.fachkom.ch/dateizentrale/Fachkom/Baunews/spectrooms/2013/11.2013/letto-felix-partner.png'),
(14, 5000, 'Aus europ&auml;ischem Massivholz, in zehn verschiedenen Holzarten und aus stehend verleimtem Multiplex. Ge&ouml;lt.\r\nOhne Metallteile konstruiert. \r\n\r\nStandard: 160x200cm, Kirschholz', 'Made of vertically glued birch multiplex or of European solid wood. Oiled.\r\nConstructed without metal components. \r\n\r\nStandard: 160x200cm, cherrywood', 'Linea Bett, by tossa', 'Linea Bed, by tossa', 1, 'http://www.feurerdesign.ch/bilder/schlafzimmer.jpg'),
(15, 650, '100% Baumwolle, 180x200cm', '100% Cotton, 180x200cm', 'Scholten Minimal Collection', 'Scholten Minimal Collection', 1, 'https://www.teojakob.ch/shopmag/media/catalog/product/cache/own/big/157860_1_150.jpg'),
(16, 300, 'Lattenrost aus gebogenen Buchen-Dauben, naturfarben, zusammenrollbar mit Nylon verkettet, in der Nachgiebigkeit regulierbar. \r\nStandard: 160x200cm', 'Standard: 160x200cm', 'NYX Lattenrost', 'NYX Duckboard', 1, 'http://getgoods.co.uk/yoj/products/gg-wf1014.jpg'),
(17, 1024, 'Hersteller: Louis Poulsen\r\nDesign: Arne Jacobsen\r\n\r\nDie Leuchte Eklipta strahlt weiches und diffuses Licht ab. Das Glas ist so konstruiert, dass es eine gleichm&auml;ssig beleuchtete Oberfl&auml;che bildet.\r\nDer mundgeblasene Glasschirm aus drei Schichten Opalglas hat eine klare Kante,\r\ndie um die Leuchte herum zu einem Glorienschein aus Licht wird.\r\nStandard Material: Aluminium', 'The lamp emits Eklipta soft and diffuse light. The glass is constructed such that there is a evenly lit surface forms.\r\nThe hand-blown glass shade made of three layers of opal glass has a clear edge,\r\nwhich becomes a halo of light around the lamp around.\r\n\r\nStandard meterial: Aluminium', 'AJ Eklipta', 'AJ Eklipta', 2, 'http://www.pluglighting.com/assets/images/outdoor/aj_eklipta_1.jpg'),
(18, 2048, 'Die runden Pendelleuchten Akari 45A, 55A, 75A und 120A (mit einem Durchmesser von 120 cm) sind Entw&uuml;rfe von Isamu Noguchi und Bestandteil der Akari Kollektion von Vitra.\r\n\r\nStandard: 30cm Durchmesser', 'The round pendant lamps Akari 45A, 55A, 75A and 120A (with a diameter of 120 cm) are designs of Isamu Noguchi and part of the Akari collection of Vitra.\r\n\r\nStandard: 30cm Caliber', 'Akari', 'Akari', 2, 'http://www.designmoebelmarkt.ch/images/product_images/original_images/akari_50en_von_vitra_2_171_0.jpg'),
(19, 512, 'Tolomeo Tischleuchte, der Klassiker', 'The Tolomeo incandescent desk lamp is an icon of Italian modern design. It was designed by Michele De Lucchi and Giancarlo Fassina in 1986 for the Artemide company. In its original configuration, it consists of a heavy base, two straight polished aluminum arm sections (each approximately 45 cm long), and a matte aluminum reflector head which can swivel 360&deg;. Steel tension cables attached to springs hidden inside the arms complete the constant-tension structure. Tolomeo is the Italian version of the name Ptolemy. In the dot-com period, it became popular as a symbol of conspicuous consumption and high design consciousness in high-tech companies as well as in architectural and graphic design offices. It won the Compasso d''Oro design prize in 1989.', 'Artemide Tolomeo', 'Artemide Tolomeo', 2, 'http://www.connox.de/m/100030/136388/media/artemide/Tolomeo-Tischleuchte/tolomeo_tavola_frei_origina.jpg'),
(20, 128, 'Behagliches Licht aus der Natur Zeitlos und doch modern: Die Belux Arba vereint klassisches Design mit pfiffigen, umweltfreundlichen Materialien. Zeitlose &Auml;sthetik, innovatives Material: FSC-zertifiziertes Ahornholz verleiht der Belux Arba Pendelleuchte ihren einzigartigen, nat&uuml;rlichen Look. Die ausgepr&auml;gte Maserung unterstreicht die klassische Form der Lampe. Mit der Zeit dunkelt das nat&uuml;rliche Material etwas nach und sorgt f&uuml;r eine besonders ausdrucksvolle Optik.', 'Comfortable light from nature Timeless yet modern: The Belux Arba combines classic design with smart , environmentally friendly materials. Timeless aesthetics , innovative materials : FSC -certified maple gives the Belux Arba pendant lamp its unique , natural look. The pronounced grain highlights the classic shape of the lamp. Over time, the natural material darkens slightly and makes for a particularly expressive appearance.', 'Belux Arba', 'Belux Arba', 2, 'http://immagini.webmobili.it/ImmaginiProdotti/lampade_da_tavolo/big/2178-LAMPTAV-59180-B-1.jpg');

INSERT INTO `feature` (`id`, `extraPrice`, `name_de`, `name_en`, `furnitureId`) VALUES
(1, 1500, 'Birkenholz', 'Birch', 13),
(2, 1, 'Blau', 'Blue', 3),
(3, 1000, 'Stehpult', 'Standing desk', 8),
(4, 0, 'Rot', 'Red', 9),
(5, 0, 'Weiss', 'White', 9),
(6, 50, '180x200cm', '180x200cm', 10),
(7, 500, '180x200cm, Kirschholz', '180x200cm, cherrywood', 14),
(8, 0, '160x200cm, Nussbaum', '160x200cm, walnut', 14),
(9, 500, '180x200cm, Nussbaum', '180x200cm, walnut', 14),
(10, 50, '200x200cm', '200x200cm', 15),
(11, 50, 'Standard: 180x200cm', 'Standard: 180x200cm', 16),
(12, 313, 'Material: Eisen', 'Material: Iron', 17),
(13, 1, 'Standard: 35cm Durchmesser', 'Standard: 35cm Caliber', 18);

INSERT INTO paymentmethod (name_de, name_en) VALUES
('Bar bei Abholung', 'Cash on pick-up'),
('Rechnung', 'Bill');